{"count":1,"self":3.6348659999999997,"total":7.102891,"children":{"InitializeActuators":{"count":9,"self":0.0010119999999999999,"total":0.0010119999999999999,"children":null},"InitializeSensors":{"count":9,"self":0.00075,"total":0.00075,"children":null},"AgentSendState":{"count":2001,"self":0.017651999999999998,"total":0.084860999999999992,"children":{"CollectObservations":{"count":3609,"self":0.017044,"total":0.017044,"children":null},"WriteActionMask":{"count":3609,"self":0.002949,"total":0.002949,"children":null},"RequestDecision":{"count":3609,"self":0.014955999999999999,"total":0.047216,"children":{"AgentInfo.ToProto":{"count":3609,"self":0.010816,"total":0.03226,"children":{"GenerateSensorData":{"count":3609,"self":0.021443999999999998,"total":0.021443999999999998,"children":null}}}}}}},"DecideAction":{"count":2001,"self":3.1262019999999997,"total":3.1262019999999997,"children":null},"AgentAct":{"count":2001,"self":0.243144,"total":0.254539,"children":{"AgentInfo.ToProto":{"count":1180,"self":0.0043739999999999994,"total":0.011394999999999999,"children":{"GenerateSensorData":{"count":1180,"self":0.0070209999999999995,"total":0.0070209999999999995,"children":null}}}}}},"gauges":{"Fly.CumulativeReward":{"count":1180,"max":-463.251,"min":-547.706055,"runningAverage":-490.212921,"value":-488.4078,"weightedAverage":-486.570435}},"metadata":{"timer_format_version":"0.1.0","start_time_seconds":"1685621412","unity_version":"2021.3.25f1","command_line_arguments":"\/Applications\/Unity\/Hub\/Editor\/2021.3.25f1\/Unity.app\/Contents\/MacOS\/Unity -projectpath \/Users\/sebastianmeyr\/Documents\/GIT\/KI-Drohnen-Meisterpiloten -useHub -hubIPC -cloudEnvironment production -licensingIpc LicenseClient-sebastianmeyr -hubSessionId 2a232335-3375-4ae7-8649-c6b6209a3e4f -accessToken bPWB2UZBBhTH38YGEd937k8tomKkKwuMwLDnx66hpvg008f","communication_protocol_version":"1.5.0","com.unity.ml-agents_version":"2.0.1","scene_name":"MainScene","end_time_seconds":"1685621420"}}