{"count":1,"self":7.3727792,"total":73.2793312,"children":{"InitializeActuators":{"count":9,"self":0.0019998999999999998,"total":0.0019998999999999998,"children":null},"InitializeSensors":{"count":9,"self":0.0010000999999999999,"total":0.0010000999999999999,"children":null},"AgentSendState":{"count":35184,"self":0.0646212,"total":0.22615549999999998,"children":{"CollectObservations":{"count":31671,"self":0.028043799999999997,"total":0.028043799999999997,"children":null},"WriteActionMask":{"count":31671,"self":0.0089908,"total":0.0089908,"children":null},"RequestDecision":{"count":31671,"self":0.0290377,"total":0.12449969999999999,"children":{"AgentInfo.ToProto":{"count":31671,"self":0.0330071,"total":0.095461999999999991,"children":{"GenerateSensorData":{"count":31671,"self":0.062454899999999994,"total":0.062454899999999994,"children":null}}}}}}},"DecideAction":{"count":35184,"self":45.297622399999995,"total":45.297621,"children":null},"AgentAct":{"count":35184,"self":20.361998399999997,"total":20.3787763,"children":{"AgentInfo.ToProto":{"count":3183,"self":0.0078583,"total":0.0167779,"children":{"GenerateSensorData":{"count":3183,"self":0.0089196,"total":0.0089196,"children":null}}}}}},"gauges":{"RollerBall.CumulativeReward":{"count":3183,"max":2,"min":0,"runningAverage":0.8733896,"value":1,"weightedAverage":1.104417}},"metadata":{"timer_format_version":"0.1.0","start_time_seconds":"1687438875","unity_version":"2021.3.25f1","command_line_arguments":"G:\\Win\\Windows\\unity\\Hub\\Editor\\2021.3.25f1\\Editor\\Unity.exe -projectpath D:\\Repositorys\\KI-Drohnen-Meisterpiloten -useHub -hubIPC -cloudEnvironment production","communication_protocol_version":"1.5.0","com.unity.ml-agents_version":"2.3.0-exp.3","scene_name":"TestScene","end_time_seconds":"1687438949"}}