{
    "name": "root",
    "gauges": {
        "Fly.Policy.Entropy.mean": {
            "value": 1.390609860420227,
            "min": 1.390609860420227,
            "max": 1.4192225933074951,
            "count": 3
        },
        "Fly.Policy.Entropy.sum": {
            "value": 69536.0546875,
            "min": 69536.0546875,
            "max": 71000.8671875,
            "count": 3
        },
        "Fly.Environment.EpisodeLength.mean": {
            "value": 3.1563851014299966,
            "min": 3.0295729250604353,
            "max": 3.2074217435207,
            "count": 3
        },
        "Fly.Environment.EpisodeLength.sum": {
            "value": 37965.0,
            "min": 37597.0,
            "max": 38117.0,
            "count": 3
        },
        "Fly.Step.mean": {
            "value": 149997.0,
            "min": 49997.0,
            "max": 149997.0,
            "count": 3
        },
        "Fly.Step.sum": {
            "value": 149997.0,
            "min": 49997.0,
            "max": 149997.0,
            "count": 3
        },
        "Fly.Policy.ExtrinsicValueEstimate.mean": {
            "value": -661.2357788085938,
            "min": -661.2357788085938,
            "max": -328.8023681640625,
            "count": 3
        },
        "Fly.Policy.ExtrinsicValueEstimate.sum": {
            "value": -7954666.5,
            "min": -8095079.5,
            "max": -3907158.5,
            "count": 3
        },
        "Fly.Environment.CumulativeReward.mean": {
            "value": -382.73016735910875,
            "min": -431.8355093488072,
            "max": -382.73016735910875,
            "count": 3
        },
        "Fly.Environment.CumulativeReward.sum": {
            "value": -4604243.913330078,
            "min": -5358215.0,
            "max": -4604243.913330078,
            "count": 3
        },
        "Fly.Policy.ExtrinsicReward.mean": {
            "value": -382.73016735910875,
            "min": -431.8355093488072,
            "max": -382.73016735910875,
            "count": 3
        },
        "Fly.Policy.ExtrinsicReward.sum": {
            "value": -4604243.913330078,
            "min": -5358215.0,
            "max": -4604243.913330078,
            "count": 3
        },
        "Fly.Losses.PolicyLoss.mean": {
            "value": 0.023529986691428348,
            "min": 0.021388048727628,
            "max": 0.023975009711963743,
            "count": 3
        },
        "Fly.Losses.PolicyLoss.sum": {
            "value": 0.11764993345714174,
            "min": 0.085552194910512,
            "max": 0.11987504855981872,
            "count": 3
        },
        "Fly.Losses.ValueLoss.mean": {
            "value": 47677.413567708325,
            "min": 47677.413567708325,
            "max": 251002.8859375,
            "count": 3
        },
        "Fly.Losses.ValueLoss.sum": {
            "value": 238387.06783854164,
            "min": 238387.06783854164,
            "max": 1004011.54375,
            "count": 3
        },
        "Fly.Policy.LearningRate.mean": {
            "value": 0.00022625054458315998,
            "min": 0.00022625054458315998,
            "max": 0.00028463565512144997,
            "count": 3
        },
        "Fly.Policy.LearningRate.sum": {
            "value": 0.0011312527229157998,
            "min": 0.0011312527229157998,
            "max": 0.0012848946717017996,
            "count": 3
        },
        "Fly.Policy.Epsilon.mean": {
            "value": 0.17541683999999996,
            "min": 0.17541683999999996,
            "max": 0.19487855000000004,
            "count": 3
        },
        "Fly.Policy.Epsilon.sum": {
            "value": 0.8770841999999999,
            "min": 0.7795142000000002,
            "max": 0.9282981999999997,
            "count": 3
        },
        "Fly.Policy.Beta.mean": {
            "value": 0.0037733003160000007,
            "min": 0.0037733003160000007,
            "max": 0.004744439645000001,
            "count": 3
        },
        "Fly.Policy.Beta.sum": {
            "value": 0.018866501580000004,
            "min": 0.018866501580000004,
            "max": 0.021422080179999997,
            "count": 3
        },
        "Fly.IsTraining.mean": {
            "value": 1.0,
            "min": 1.0,
            "max": 1.0,
            "count": 3
        },
        "Fly.IsTraining.sum": {
            "value": 1.0,
            "min": 1.0,
            "max": 1.0,
            "count": 3
        }
    },
    "metadata": {
        "timer_format_version": "0.1.0",
        "start_time_seconds": "1687428478",
        "python_version": "3.9.13 (tags/v3.9.13:6de2ca5, May 17 2022, 16:36:42) [MSC v.1929 64 bit (AMD64)]",
        "command_line_arguments": "D:\\Repositorys\\KI-Drohnen-Meisterpiloten\\venv\\Scripts\\mlagents-learn --run-id=fly_training --force",
        "mlagents_version": "0.30.0",
        "mlagents_envs_version": "0.30.0",
        "communication_protocol_version": "1.5.0",
        "pytorch_version": "1.7.1+cu110",
        "numpy_version": "1.21.2",
        "end_time_seconds": "1687428719"
    },
    "total": 240.8061797,
    "count": 1,
    "self": 0.002301000000016984,
    "children": {
        "run_training.setup": {
            "total": 0.00864470000000006,
            "count": 1,
            "self": 0.00864470000000006
        },
        "TrainerController.start_learning": {
            "total": 240.795234,
            "count": 1,
            "self": 0.41121550000178786,
            "children": {
                "TrainerController._reset_env": {
                    "total": 4.9453832,
                    "count": 1,
                    "self": 4.9453832
                },
                "TrainerController.advance": {
                    "total": 235.3902382999982,
                    "count": 53753,
                    "self": 0.3635645000039176,
                    "children": {
                        "env_step": {
                            "total": 191.86557219999767,
                            "count": 53753,
                            "self": 174.14919030000252,
                            "children": {
                                "SubprocessEnvManager._take_step": {
                                    "total": 17.462677499997568,
                                    "count": 53754,
                                    "self": 0.7556376999964982,
                                    "children": {
                                        "TorchPolicy.evaluate": {
                                            "total": 16.70703980000107,
                                            "count": 28892,
                                            "self": 16.70703980000107
                                        }
                                    }
                                },
                                "workers": {
                                    "total": 0.2537043999975994,
                                    "count": 53752,
                                    "self": 0.0,
                                    "children": {
                                        "worker_root": {
                                            "total": 157.01328679999938,
                                            "count": 53752,
                                            "is_parallel": true,
                                            "self": 79.39240470000034,
                                            "children": {
                                                "steps_from_proto": {
                                                    "total": 0.0015508000000017397,
                                                    "count": 2,
                                                    "is_parallel": true,
                                                    "self": 0.00012700000000487321,