{
    "name": "root",
    "gauges": {
        "Fly.Policy.Entropy.mean": {
            "value": 1.3241075277328491,
            "min": 1.3241075277328491,
            "max": 1.41400146484375,
            "count": 9
        },
        "Fly.Policy.Entropy.sum": {
            "value": 66186.8359375,
            "min": 66186.8359375,
            "max": 70782.0859375,
            "count": 9
        },
        "Fly.Environment.EpisodeLength.mean": {
            "value": 11.989867498051442,
            "min": 10.221499102333931,
            "max": 11.989867498051442,
            "count": 9
        },
        "Fly.Environment.EpisodeLength.sum": {
            "value": 46149.0,
            "min": 45547.0,
            "max": 46149.0,
            "count": 9
        },
        "Fly.Step.mean": {
            "value": 449989.0,
            "min": 49991.0,
            "max": 449989.0,
            "count": 9
        },
        "Fly.Step.sum": {
            "value": 449989.0,
            "min": 49991.0,
            "max": 449989.0,
            "count": 9
        },
        "Fly.Policy.ExtrinsicValueEstimate.mean": {
            "value": 104.04194641113281,
            "min": -183.59361267089844,
            "max": 107.91708374023438,
            "count": 9
        },
        "Fly.Policy.ExtrinsicValueEstimate.sum": {
            "value": 400457.4375,
            "min": -787433.0,
            "max": 421200.375,
            "count": 9
        },
        "Fly.Environment.CumulativeReward.mean": {
            "value": 1265.5845621078781,
            "min": 573.0125545137793,
            "max": 1265.5845621078781,
            "count": 9
        },
        "Fly.Environment.CumulativeReward.sum": {
            "value": 4871234.979553223,
            "min": 2552770.9303588867,
            "max": 4871234.979553223,
            "count": 9
        },
        "Fly.Policy.ExtrinsicReward.mean": {
            "value": 1265.5845621078781,
            "min": 573.0125545137793,
            "max": 1265.5845621078781,
            "count": 9
        },
        "Fly.Policy.ExtrinsicReward.sum": {
            "value": 4871234.979553223,
            "min": 2552770.9303588867,
            "max": 4871234.979553223,
            "count": 9
        },
        "Fly.Losses.PolicyLoss.mean": {
            "value": 0.026393125257648836,
            "min": 0.02126678321859799,
            "max": 0.026393125257648836,
            "count": 9
        },
        "Fly.Losses.PolicyLoss.sum": {
            "value": 0.10557250103059534,
            "min": 0.09148183478908624,
            "max": 0.12354675909058035,
            "count": 9
        },
        "Fly.Losses.ValueLoss.mean": {
            "value": 44589.54541015625,
            "min": 44589.54541015625,
            "max": 411379.73489583336,
            "count": 9
        },
        "Fly.Losses.ValueLoss.sum": {
            "value": 178358.181640625,
            "min": 178358.181640625,
            "max": 1843464.7875,
            "count": 9
        },
        "Fly.Policy.LearningRate.mean": {
            "value": 0.0002974484483505175,
            "min": 0.0002974484483505175,
            "max": 0.00029984631005123,
            "count": 9
        },
        "Fly.Policy.LearningRate.sum": {
            "value": 0.00118979379340207,
            "min": 0.00118979379340207,
            "max": 0.0014978481727172756,
            "count": 9
        },
        "Fly.Policy.Epsilon.mean": {
            "value": 0.19914948250000006,
            "min": 0.19914948250000006,
            "max": 0.19994877,
            "count": 9
        },
        "Fly.Policy.Epsilon.sum": {
            "value": 0.7965979300000002,
            "min": 0.7965979300000002,
            "max": 0.9992827240000002,
            "count": 9
        },
        "Fly.Policy.Beta.mean": {
            "value": 0.004957559176750002,
            "min": 0.004957559176750002,
            "max": 0.0049974436229999995,
            "count": 9
        },
        "Fly.Policy.Beta.sum": {
            "value": 0.019830236707000008,
            "min": 0.019830236707000008,
            "max": 0.0249642079276,
            "count": 9
        },
        "Fly.IsTraining.mean": {
            "value": 1.0,
            "min": 1.0,
            "max": 1.0,
            "count": 9
        },
        "Fly.IsTraining.sum": {
            "value": 1.0,
            "min": 1.0,
            "max": 1.0,
            "count": 9
        }
    },
    "metadata": {
        "timer_format_version": "0.1.0",
        "start_time_seconds": "1687249849",
        "python_version": "3.10.2 (v3.10.2:a58ebcc701, Jan 13 2022, 14:50:16) [Clang 13.0.0 (clang-1300.0.29.30)]",
        "command_line_arguments": "/Users/oli/Documents/GitHub/KI-Drohnen-Meisterpiloten/venv/bin/mlagents-learn config/trainer_config.yaml --run-id=fly_training --train --force",
        "mlagents_version": "0.30.0",
        "mlagents_envs_version": "0.30.0",
        "communication_protocol_version": "1.5.0",
        "pytorch_version": "1.11.0",
        "numpy_version": "1.21.2",
        "end_time_seconds": "1687250311"
    },
    "total": 462.1939816249942,
    "count": 1,
    "self": 0.0027731249865610152,
    "children": {
        "run_training.setup": {
            "total": 0.010349165997467935,
            "count": 1,
            "self": 0.010349165997467935
        },
        "TrainerController.start_learning": {
            "total": 462.18085933401017,
            "count": 1,
            "self": 0.679074480489362,
            "children": {
                "TrainerController._reset_env": {
                    "total": 4.770743500004755,
                    "count": 1,
                    "self": 4.770743500004755
                },
                "TrainerController.advance": {
                    "total": 456.6726927695272,
                    "count": 83065,
                    "self": 0.35428670776309446,
                    "children": {
                        "env_step": {
                            "total": 456.3184060617641,
                            "count": 83065,
                            "self": 409.9594386650715,
                            "children": {
                                "SubprocessEnvManager._take_step": {
                                    "total": 45.898954209900694,
                                    "count": 83065,
                                    "self": 1.2423831666819751,
                                    "children": {
                                        "TorchPolicy.evaluate": {
                                            "total": 44.65657104321872,
                                            "count": 53591,
                                            "self": 44.65657104321872
                                        }
                                    }
                                },
                                "workers": {
                                    "total": 0.4600131867919117,
                                    "count": 83064,
                                    "self": 0.0,
                                    "children": {
                                        "worker_root": {
                                            "total": 451.60526023895363,
                                            "count": 83064,
                                            "is_parallel": true,
                                            "self": 87.68081954010995,
                                            "children": {
                                                "steps_from_proto": {
                                                    "total": 0.0006759579991921782,
                                                    "count": 1,
                                                    "is_parallel": true,
                                                    "self": 0.00020633300300687551,