{
    "name": "root",
    "metadata": {
        "timer_format_version": "0.1.0",
        "start_time_seconds": "1686945321",
        "python_version": "3.9.0 (tags/v3.9.0:9cf6752, Oct  5 2020, 15:34:40) [MSC v.1927 64 bit (AMD64)]",
        "command_line_arguments": "C:\\Users\\jonas\\source\\repos\\KI-Drohnen-Meisterpiloten\\venv\\Scripts\\mlagents-learn config/trainer_config.yaml --run-id=fly_training --train --force",
        "mlagents_version": "0.30.0",
        "mlagents_envs_version": "0.30.0",
        "communication_protocol_version": "1.5.0",
        "pytorch_version": "2.0.1+cpu",
        "numpy_version": "1.21.2",
        "end_time_seconds": "1686945398"
    },
    "total": 77.2756741,
    "count": 1,
    "self": 0.0071052999999920985,
    "children": {
        "run_training.setup": {
            "total": 0.09976990000000008,
            "count": 1,
            "self": 0.09976990000000008
        },
        "TrainerController.start_learning": {
            "total": 77.16879890000001,
            "count": 1,
            "self": 0.20336059999991107,
            "children": {
                "TrainerController._reset_env": {
                    "total": 5.1834264999999995,
                    "count": 1,
                    "self": 5.1834264999999995
                },
                "TrainerController.advance": {
                    "total": 71.7093208000001,
                    "count": 3895,
                    "self": 0.10371060000001364,
                    "children": {
                        "env_step": {
                            "total": 71.60561020000009,
                            "count": 3895,
                            "self": 65.11538410000016,
                            "children": {
                                "SubprocessEnvManager._take_step": {
                                    "total": 6.390220999999867,
                                    "count": 3895,
                                    "self": 0.4352409999998752,
                                    "children": {
                                        "TorchPolicy.evaluate": {
                                            "total": 5.954979999999992,
                                            "count": 3671,
                                            "self": 5.954979999999992
                                        }
                                    }
                                },
                                "workers": {
                                    "total": 0.10000510000006635,
                                    "count": 3894,
                                    "self": 0.0,
                                    "children": {
                                        "worker_root": {
                                            "total": 65.06986109999977,
                                            "count": 3894,
                                            "is_parallel": true,
                                            "self": 13.588337600000024,
                                            "children": {
                                                "steps_from_proto": {
                                                    "total": 0.00033390000000022013,
                                                    "count": 1,
                                                    "is_parallel": true,
                                                    "self": 0.00013280000000115422,
                                                    "children": {
                                                        "_process_rank_one_or_two_observation": {
                                                            "total": 0.00020109999999906591,
                                                            "count": 2,
                                                            "is_parallel": true,
                                                            "self": 0.00020109999999906591
                                                        }
                                                    }
                                                },
                                                "UnityEnvironment.step": {
                                                    "total": 51.481189599999745,
                                                    "count": 3894,
                                                    "is_parallel": true,
                                                    "self": 0.6437863000000021,
                                                    "children": {
                                                        "UnityEnvironment._generate_step_input": {
                                                            "total": 0.5011235999996853,
                                                            "count": 3894,
                                                            "is_parallel": true,
                                                            "self": 0.5011235999996853
                                                        },
                                                        "communicator.exchange": {
                                                            "total": 48.65280580000004,
                                                            "count": 3894,
                                                            "is_parallel": true,
                                                            "self": 48.65280580000004
                                                        },
                                                        "steps_from_proto": {
                                                            "total": 1.6834739000000152,
                                                            "count": 3894,
                                                            "is_parallel": true,
                                                            "self": 0.9066660000001114,
                                                            "children": {
                                                                "_process_rank_one_or_two_observation": {
                                                                    "total": 0.7768078999999037,
                                                                    "count": 7788,
                                                                    "is_parallel": true,
                                                                    "self": 0.7768078999999037
                                                                }
                                                            }
                                                        }
                                                    }
                                                }
                                            }
                                        }
                                    }
                                }
                            }
                        }
                    }
                },
                "trainer_threads": {
                    "total": 1.7800000009060568e-05,
                    "count": 1,
                    "self": 1.7800000009060568e-05,
                    "children": {
                        "thread_root": {
                            "total": 0.0,
                            "count": 0,
                            "is_parallel": true,
                            "self": 0.0,
                            "children": {
                                "trainer_advance": {
                                    "total": 71.74598219999982,
                                    "count": 4864,
                                    "is_parallel": true,
                                    "self": 0.4623923999996151,
                                    "children": {
                                        "process_trajectory": {
                                            "total": 71.2835898000002,