{
    "name": "root",
    "metadata": {
        "timer_format_version": "0.1.0",
        "start_time_seconds": "1685618466",
        "python_version": "3.9.10 (v3.9.10:f2f3f53782, Jan 13 2022, 16:55:45) \n[Clang 13.0.0 (clang-1300.0.29.30)]",
        "command_line_arguments": "/Users/sebastianmeyr/Documents/GIT/KI-Drohnen-Meisterpiloten/venv/bin/mlagents-learn config/trainer_config.yaml --run-id=fly_training --train --force",
        "mlagents_version": "0.30.0",
        "mlagents_envs_version": "0.30.0",
        "communication_protocol_version": "1.5.0",
        "pytorch_version": "1.11.0",
        "numpy_version": "1.21.2",
        "end_time_seconds": "1685618673"
    },
    "total": 206.609459417,
    "count": 1,
    "self": 10.004866249999992,
    "children": {
        "run_training.setup": {
            "total": 0.018438167000000005,
            "count": 1,
            "self": 0.018438167000000005
        },
        "TrainerController.start_learning": {
            "total": 196.58615500000002,
            "count": 1,
            "self": 0.4299363540006027,
            "children": {
                "TrainerController._reset_env": {
                    "total": 8.49947425,
                    "count": 1,
                    "self": 8.49947425
                },
                "TrainerController.advance": {
                    "total": 187.58918535499942,
                    "count": 42339,
                    "self": 0.210215105998941,
                    "children": {
                        "env_step": {
                            "total": 187.37897024900047,
                            "count": 42339,
                            "self": 172.25771113900427,
                            "children": {
                                "SubprocessEnvManager._take_step": {
                                    "total": 14.853912982996135,
                                    "count": 42340,
                                    "self": 0.9215264389968727,
                                    "children": {
                                        "TorchPolicy.evaluate": {
                                            "total": 13.932386543999263,
                                            "count": 37982,
                                            "self": 13.932386543999263
                                        }
                                    }
                                },
                                "workers": {
                                    "total": 0.2673461270000548,
                                    "count": 42338,
                                    "self": 0.0,
                                    "children": {
                                        "worker_root": {
                                            "total": 154.94553703999773,
                                            "count": 42338,
                                            "is_parallel": true,
                                            "self": 33.22642826799583,
                                            "children": {
                                                "steps_from_proto": {
                                                    "total": 0.0004604999999955339,
                                                    "count": 2,
                                                    "is_parallel": true,
                                                    "self": 0.00018504199998581328,
                                                    "children": {
                                                        "_process_rank_one_or_two_observation": {
                                                            "total": 0.00027545800000972065,
                                                            "count": 4,
                                                            "is_parallel": true,
                                                            "self": 0.00027545800000972065
                                                        }
                                                    }
                                                },
                                                "UnityEnvironment.step": {
                                                    "total": 121.7186482720019,
                                                    "count": 42338,
                                                    "is_parallel": true,
                                                    "self": 1.2461026770053394,
                                                    "children": {
                                                        "UnityEnvironment._generate_step_input": {
                                                            "total": 2.9077019499984704,
                                                            "count": 42338,
                                                            "is_parallel": true,
                                                            "self": 2.9077019499984704
                                                        },
                                                        "communicator.exchange": {
                                                            "total": 113.82459969099865,
                                                            "count": 42338,
                                                            "is_parallel": true,
                                                            "self": 113.82459969099865
                                                        },
                                                        "steps_from_proto": {
                                                            "total": 3.7402439539994408,
                                                            "count": 42338,
                                                            "is_parallel": true,
                                                            "self": 1.70917054399761,
                                                            "children": {
                                                                "_process_rank_one_or_two_observation": {
                                                                    "total": 2.031073410001831,
                                                                    "count": 84676,
                                                                    "is_parallel": true,
                                                                    "self": 2.031073410001831
                                                                }
                                                            }
                                                        }
                                                    }
                                                }
                                            }
                                        }
                                    }
                                }
                            }
                        }
                    }
                },
                "trainer_threads": {
                    "total": 1.354100001549341e-05,
                    "count": 1,
                    "self": 1.354100001549341e-05,
                    "children": {
                        "thread_root": {
                            "total": 0.0,
                            "count": 0,
                            "is_parallel": true,
                            "self": 0.0,
                            "children": {
                                "trainer_advance": {
                                    "total": 184.56586958800742,
                                    "count": 1200176,
                                    "is_parallel": true,
                                    "self": 8.242618224009306,
                                    "children": {
                                        "process_trajectory": {
                                            "total": 172.6844175709981,